Cr,Hf,Mo,Nb,Ta,5.2
Cr,Hf,Mo,Nb,V,5.2
Cr,Hf,Mo,Nb,W,5.4
Cr,Hf,Mo,Nb,Zr,5.0
Cr,Hf,Mo,Ta,V,5.2
Cr,Hf,Mo,Ta,W,5.4
Cr,Hf,Mo,Ta,Zr,5.0
Cr,Hf,Mo,V,W,5.4
Cr,Hf,Mo,V,Zr,5.0
Cr,Hf,Mo,W,Zr,5.2
Cr,Hf,Nb,Ta,V,5.0
Cr,Hf,Nb,Ta,W,5.2
Cr,Hf,Nb,Ta,Zr,4.8
Cr,Hf,Nb,V,W,5.2
Cr,Hf,Nb,V,Zr,4.8
Cr,Hf,Nb,W,Zr,5.0
Cr,Hf,Ta,V,W,5.2
Cr,Hf,Ta,V,Zr,4.8
Cr,Hf,Ta,W,Zr,5.0
Cr,Hf,V,W,Zr,5.0
Cr,Mo,Nb,Ta,V,5.4
Cr,Mo,Nb,Ta,W,5.6000000000000005
Cr,Mo,Nb,Ta,Zr,5.2
Cr,Mo,Nb,V,W,5.6000000000000005
Cr,Mo,Nb,V,Zr,5.2
Cr,Mo,Nb,W,Zr,5.4
Cr,Mo,Ta,V,W,5.6000000000000005
Cr,Mo,Ta,V,Zr,5.2
Cr,Mo,Ta,W,Zr,5.4
Cr,Mo,V,W,Zr,5.4
Cr,Nb,Ta,V,W,5.4
Cr,Nb,Ta,V,Zr,5.0
Cr,Nb,Ta,W,Zr,5.2
Cr,Nb,V,W,Zr,5.2
Cr,Ta,V,W,Zr,5.2
Hf,Mo,Nb,Ta,V,5.0
Hf,Mo,Nb,Ta,W,5.2
Hf,Mo,Nb,Ta,Zr,4.8
Hf,Mo,Nb,V,W,5.2
Hf,Mo,Nb,V,Zr,4.8
Hf,Mo,Nb,W,Zr,5.0
Hf,Mo,Ta,V,W,5.2
Hf,Mo,Ta,V,Zr,4.8
Hf,Mo,Ta,W,Zr,5.0
Hf,Mo,V,W,Zr,5.0
Hf,Nb,Ta,V,W,5.0
Hf,Nb,Ta,V,Zr,4.6
Hf,Nb,Ta,W,Zr,4.8
Hf,Nb,V,W,Zr,4.8
Hf,Ta,V,W,Zr,4.8
Mo,Nb,Ta,V,W,5.4
Mo,Nb,Ta,V,Zr,5.0
Mo,Nb,Ta,W,Zr,5.2
Mo,Nb,V,W,Zr,5.2
Mo,Ta,V,W,Zr,5.2
Nb,Ta,V,W,Zr,5.0
